Latitude;Longitude
21.050153;105.810217
21.04152452716;105.790895372629
21.042209;105.795261
21.043523;105.836258
20.9803132472718;105.795320346951
20.962269;105.838169
20.9840278345379;105.793976560235
20.972559;105.778118
20.983565;105.81229
21.000632;105.817041
20.942653;105.756802
20.9606669108631;105.793515555561
21.050153;105.810217
21.04152452716;105.790895372629
21.042209;105.795261
21.043523;105.836258
20.9803132472718;105.795320346951
20.962269;105.838169
20.9840278345379;105.793976560235
20.972559;105.778118
20.983565;105.81229
21.000632;105.817041
20.942653;105.756802
20.9606669108631;105.793515555561
20.98;105.795253
21.029222;105.849436
20.968047;105.772511
20.982383;105.798866
20.965121;105.824968
21.052921;105.810455
21.028648;105.86071
21.0297670303816;105.858086720109
20.970659;105.778712
21.019244;105.810814
21.0093798;105.8021704
21.005913;105.803415
20.99622;105.809608
21.037162;105.776476
21.0369;105.779852
21.001396;105.801275
20.998958;105.797906
21.015975;105.824096
20.998958;105.797906
21.002456;105.801755
21.010289;105.808269
21.017297;105.839794
21.035136;105.81047
21.025484;105.826455
20.982602;105.834137
21.005699;105.802724
21.000701;105.841758
21.04153;105.790933
20.946819;105.755139
20.995057;105.806049
21.067009;105.804862
21.030718;105.831882
20.990342;105.802524
21.005859;105.801092
20.982658;105.827811
20.962618;105.77499
21.0302684;105.8135064
21.0302684;105.8135064
21.030603;105.819138
21.0302684;105.8135064
21.0305927;105.8169392
21.012803;105.8231
21.01285;105.826365
21.019437;105.827901
21.022088;105.824151
21.022049;105.825989
21.012761;105.823125
21.017879;105.810283
21.0440191050519;105.843936391175
20.985212;105.820585
21.044518;105.84265
21.072789;105.812708
20.99146;105.815791
20.972786;105.820025
20.983049;105.827492
20.984359;105.817802
20.9971981287274;105.798305310309
20.979375;105.815513
20.98264;105.832441
20.985235;105.83407
20.993912;105.831431
20.990396;105.817867
20.991372;105.817162
21.052611;105.835889
21.000639;105.819302
21.052734;105.837778
20.986145;105.783599
21.068797;105.835116
21.053783;105.839171
21.038612;105.849279
21.0305927;105.8169392
21.015566;105.81253
21.000637;105.807406
20.967584;105.8191
21.002027;105.81049
21.030603;105.819138
21;105.81047
21.022608;105.82825
21.0305927;105.8169392
20.972361;105.777832
20.996824;105.815465
20.974112;105.789097
20.994177;105.814111
20.996797;105.813663
20.970051;105.832198
21.008404;105.841178
20.998815;105.855205
21.038091;105.814078
21.04122;105.820224
21.0349377;105.8250886
21.03784;105.811869
21.035924;105.812746
21.035651;105.827995
21.043706;105.844903
21.071751;105.814173
21.055102;105.820793
21.0246049;105.826427
21.030295;105.822413
20.99049;105.799623
21.03434;105.831016
21.00682;105.777452
20.988687;105.8126
20.987963;105.878612
20.986448;105.828574
20.977243;105.797808
20.994373;105.80647
20.968412;105.796995
21.016398;105.775438
20.986238;105.798052
21.046979;105.811407
20.997443;105.858024
21.027015;105.831036
21.041003;105.778964
20.999457;105.808199
20.999457;105.808199
21.026758;105.821213
21.0343377;105.7892913
21.04234;105.776219
21.027006;105.797882
21.023066;105.811625
21.042488;105.793252
20.975159;105.820753
21.00317;105.850193
21.036328;105.776347
20.967369;105.771715
20.983619;105.77282
21.01068;105.806452
21.0144;105.826171
20.970511;105.774289
21.001515;105.848123
20.984675;105.838585
20.991901;105.849879
20.993221;105.849512
21.000478;105.848464
21.010422;105.795116
21.034815;105.777844
21.033502;105.787385
21.032842;105.787429
21.0344411000765;105.788027085364
21.033387;105.775233
21.02728;105.778238
21.031201;105.785146
21.015187;105.768127
21.005973;105.854378
21.034883;105.788907
21.034859;105.788475
21.032313;105.824335
21.030511;105.828515
20.99677;105.827101
21.0302684;105.8135064
21.0302684;105.8135064
21.03239;105.825416
21.030603;105.819138
21.003015;105.86558
21.031227;105.825397
20.956461;105.734829
21.0319507429471;105.784663930535
21.030599;105.818709
20.976704;105.788723
21.0332247921573;105.786512405944
20.996347;105.84571
20.976359;105.789973
21.012438;105.819071
20.995649;105.808907
21.035445;105.853325
21.032321;105.832766
20.989326;105.81193
21.02291;105.8003
21.054614;105.732023
21.036673;105.776336
21.0347703;105.8265848
21.026606;105.812051
21.060104;105.833966
21.060104;105.833966
21.038725;105.743685
21.035289;105.800455
21.016748;105.803946
21.006467;105.795282
20.966555;105.774781
20.991321;105.817309
21.040482;105.868076
21.02964;105.8142312
20.978774;105.82156
20.9927301128116;105.798707306385
20.992885;105.852152
21.021892;105.821662
21.015515;105.841378
21.040508;105.849507
21.019244;105.810814
21.021418;105.817446
21.00115;105.847764
21.032584;105.847523
20.988708;105.798372
20.977461;105.775135
20.981933;105.788183
21.010348;105.781971
21.01719;105.799127
20.982184;105.787513
21.010544;105.777101
20.987899;105.818805
21.050516;105.893394
21.002776;105.821909
21.043842;105.846845
21.0176;105.837946
21.023551;105.831894
21.004226;105.837475
21.004226;105.837475
21.0105535;105.8309746
21.018156;105.830849
21.016389;105.837686
20.991703;105.841352
21.031285;105.846952
21.034965;105.785029
20.996213;105.827705
21.042064;105.869187
21.0094176601034;105.777576193213
20.981769;105.787946
21.034394;105.788024
21.017945;105.854227
21.006988;105.820832
21.010826;105.837472
21.011989;105.837729
21.0303998033516;105.857969708741
21.044778;105.791733
21.016003;105.818894
21.016661;105.817973
21.019564;105.852325
21.0160722513819;105.804761052132
21.013558;105.851388
20.96477;105.766906
21.032401;105.859408
20.988935;105.832419
21.020865;105.811497
21.048549;105.874152
21.048499;105.874402
21.032042;105.772517
21.002172;105.865679
21.015393;105.824108
21.034975;105.772806
21.017939;105.853866
21.014957;105.801522
21.004056;105.867544
21.01608;105.8563678
21.0353551802561;105.853344574571
21.039701;105.763545
21.013431;105.849014
20.993095;105.797076
21.016252;105.816184
20.966475;105.768046
21.031391;105.847798
20.990179;105.801022
21.026355;105.796486
21.000821;105.850197
20.9853402;105.8386217
21.0038695409514;105.806994326413
21.03615;105.78889
20.992908;105.797471
21.0358349;105.7828538
21.010972;105.837815
21.015495;105.84135
21.033269;105.805896
21.062699;105.878719
21.051514;105.804072
21.062408;105.878442
21.013971;105.797802
21.033927;105.84875
20.983385;105.826154
21.022946;105.801373
20.99069;105.796528
21.036954;105.773583
21.015095;105.789317
21.010467;105.777183
21.031164;105.847859
20.990105;105.878483
21.027278;105.822146
21.026565;105.844878
20.982775;105.789139
21.00105;105.80804
21.003113;105.869268
20.993206;105.841566
21.0071264;105.8446011
21.002031;105.855977
21.042589;105.795514
21.005527;105.822713
21.0228223;105.8095837
21.010875;105.849294
21.0027527559334;105.816133618355
21.025998;105.838201
21.02015;105.781018
21.006247;105.831383
21.007151;105.792683
20.997983789553;105.867641754448
21.026996;105.898464
21.032185;105.812423
21.006687;105.795432
21.015079;105.777783
21.006944;105.795963
21.031048;105.813321
21.000855;105.816419
21.066438;105.802794
20.955277;105.840938
21.0196;105.834494
21.032304;105.827626
21.031513;105.813746
21.042225;105.825933
21.0103303287916;105.795132257044
21.024562;105.849363
21.038503;105.847389
21.020981;105.81203
21.029163;105.843366
21.028755;105.843906
21.028246;105.856209
21.025847;105.851638
21.0302684;105.8135064
21.003324;105.818976
21.020751;105.791891
21.026005;105.838208
21.040899;105.828193
21.003324;105.818976
21.020775;105.791683
21.0087043599405;105.849378593266
21.020736;105.791753
21.008775;105.849485
21.003324;105.818976
21.027899;105.842531
21.026008;105.838226
21.022797;105.846438
21.03108;105.786121
21.008775;105.849485
21.020736;105.791753
21.026015;105.838221
21.003324;105.818976
21.029193;105.8440953
21.0611296;105.8921967
21.001068;105.808454
21.051214;105.838171
21.013804;105.815883
21.027899;105.842531
21.033812;105.785778
21.017342;105.803572
21.003324;105.818976
21.020784;105.791678
21.027899;105.842531
21.030578;105.818773
21.026015;105.838215
21.059378;105.808796
20.993036;105.797681
21.000974;105.807514
21.032513;105.84769
21.033923;105.852344
21.031112;105.847941
21.019864;105.809259
21.040828;105.811582
20.994145;105.802463
21.018909;105.810779
20.978286;105.79185
20.978286;105.79185
21.036413;105.809478
21.030101;105.819885
21.026583;105.83284
20.985327;105.840734
21.04512;105.792809
21.011329;105.811149
20.998702;105.842243
21.023284;105.811837
21.010595;105.824962
20.967461;105.780479
21.018509;105.824635
21.015547;105.856641
20.980545;105.801819
20.955025;105.830265
21.0482;105.787
21.007273;105.864756
21.005875;105.803295
21.020212;105.806871
21.031487;105.854594
21.00046;105.808786
21.007912;105.776897
21.000821;105.850197
21.03615;105.78889
20.992908;105.797471
21.0160722513819;105.804761052132
21.010972;105.837815
21.015495;105.84135
21.033269;105.805896
21.062699;105.878719
21.062408;105.878442
21.013971;105.797802
21.0346185;105.7927981
21.033927;105.84875
20.982235;105.787813
20.983385;105.826154
21.022946;105.801373
20.99069;105.796528
21.051566;105.810207
21.036954;105.773583
21.015095;105.789317
21.010467;105.777183
21.047734;105.884046
21.031164;105.847859
21.000022;105.811017
21.027278;105.822146
21.000414;105.850601
21.026565;105.844878
20.982775;105.789139
21.042803;105.834063
21.00105;105.80804
21.004626;105.832814
21.010595;105.824962
20.967461;105.780479
20.980545;105.801819
20.955025;105.830265
21.0482;105.787
21.007273;105.864756
21.005875;105.803295
21.020212;105.806871
21.031487;105.854594
21.053029;105.73343
20.999096;105.811572
21.042198;105.792659
21.001497;105.80403
21.023288;105.836988
21.053544;105.807338
21.04105;105.778288
21.030105;105.82679
21.045013;105.750127
20.982149;105.810971
21.026366;105.796494
21.041349;105.792535
21.044792;105.762214
21.074142;105.774849
20.989216;105.818754
20.942623;105.756776
21.036334;105.791587
21.0107938596876;105.830751657486
21.029243;105.846347
21.040687;105.847499
21.031127;105.813665
20.980074;105.786606
21.023552;105.831806
20.9374926;105.7834654
21.03038;105.822259
21.0765;105.773
21.0472;105.784
21.014322;105.780761
21.059064;105.83745
21.006974;105.847379
20.99881;105.859192
21.019832;105.811153
21.046092;105.878959
21.023515;105.850957
21.029064;105.841617
21.014247;105.799605
21.026732;105.797537
21.045987;105.791026
21.0335280743231;105.770926259396
21.038926;105.78544
20.99465;105.867573
21.010479;105.833517
21.047184;105.810826
20.989104;105.86587
21.025937;105.821915
20.9815629316383;105.788002610207
21.034948;105.775943
21.0137937034151;105.800664373822
21.003675;105.820434
21.034835;105.851392
21.036611;105.912206
21.027324;105.778391
21.02167;105.831143
20.981744;105.789507
21.015745;105.816265
21.005026;105.81529
21.031998;105.814166
21.006859;105.795481
21.019174;105.828138
21.037175;105.77371
21.000801;105.81016
21.016182;105.837947
21.003229;105.83514
21.015789;105.806394
21.034016;105.805951
21.010639;105.859222
20.987159;105.797488
21.06416;105.779387
20.946394;105.756007
21.044326;105.770305
21.027385;105.841938
20.990602;105.84547
20.981626;105.78764
21.0065027792654;105.806154459715
21.0289762168641;105.823485553265
20.995323;105.817586
21.041211;105.782682
21.007598;105.831628
21.0103817;105.8312113
21.001485;105.853555
21.041689;105.784144
20.978718;105.835413
21.010291;105.836315
20.985146;105.829363
21.034245;105.798127
21.016231;105.804444
21.042313;105.78626
21.029336;105.801477
21.019814;105.80058
21.014165;105.820619
21.016908;105.84966
20.973656;105.785572
21.010583;105.860129
21.035039;105.825199
21.046878;105.764005
21.0742;105.774915
21.090653;105.778939
21.024263;105.837282
21.046934;105.761373
21.034216;105.792876
21.045916;105.785846
21.041024;105.77659
21.023523;105.813488
20.997096;105.850085
21.002923;105.850606
20.9811;105.855
21.027879;105.845246
21.041625;105.78265
21.041336;105.782704
21.0440256762631;105.77856592834
20.965272;105.823904
21.042605;105.763065
20.9859411271155;105.857422873378
20.9907;105.848192
21.010299;105.817747
21.004146;105.830417
21.006852;105.819003
21.006923;105.83336
21.0074535;105.8366859
21.010375;105.819418
21.012139;105.819892
21.008324;105.835107
21.018186;105.802036
20.999315;105.870919
20.9801921853991;105.85024201321
20.990135;105.880217
20.982115;105.87926
20.990206;105.864907
21.0156250115614;105.857949927449
20.999441;105.879652
20.987992;105.828323
21.032493;105.778785
21.040358;105.845406
21.001522;105.875239
20.983265;105.843306
21.010195;105.822144
20.983422;105.851422
20.96474;105.82743
21.019201;105.849459
20.98962;105.798013
21.0200413427386;105.826700546495
21.041675;105.840146
21.020999;105.833233
20.986731;105.858397
20.9868936947631;105.86035117507
20.982925;105.842129
20.999241;105.871207
20.996643;105.878402
20.98751;105.858787
20.97882;105.842678
21.00109;105.875414
20.9784346;105.847055
20.9952765289098;105.85900336504
20.996216;105.873839
20.980085;105.848196
20.9710932727458;105.83364273497
20.985742;105.859954
20.9828504999999;105.8492552
21.011671;105.801474
21.041647;105.793512
20.995122;105.868827
21.000273;105.84542
21.014562;105.817954
20.986664;105.783538
21.013834;105.857633
20.973606;105.778693
20.9774046853951;105.784063786268
21.0339732615944;105.805879533291
21.009749;105.835753
21.038243;105.773093
21.018641;105.84928
21.009539;105.850219
21.0148400695717;105.818069837987
21.037326;105.848317
21.0008453128684;105.818030945957
21.0390690231439;105.79065028578
20.990446;105.803512
21.003126;105.864872
20.983782;105.850682
21.023181;105.807786
21.02577;105.852032
21.025786;105.845414
21.0189794340055;105.837769322097
21.0243;105.834094
21.020858;105.836429
21.024158;105.834086
21.020825;105.835732
21.019443;105.833525
21.019141;105.835731
21.001101;105.815907
21.006865;105.831705
21.033519;105.827229
21.007697;105.805081
21.01128;105.830683
20.988443;105.830832
21.050035;105.779585
21.003109;105.850632
21.012188;105.863262
21.041112;105.825677
20.963677;105.824311
20.978923;105.82325
20.996325;105.870177
21.01934;105.808178
21.043212;105.87172
21.008747;105.800757
21.006713;105.795392
21.016232;105.856174
21.0199856;105.8268267
20.997222;105.802872
21.018937;105.798758
20.968054;105.772563
21.035967;105.760506
21.030877;105.81972
21.037794;105.815412
21.020588;105.791524
21.02929;105.775997
21.000451;105.807387
20.987644;105.79784
21.0325662950068;105.808054804802
21.0112943212054;105.825724862516
20.967437;105.771695
20.9907042176278;105.803386084735
21.0018822963444;105.842135958374
20.998762;105.855074
21.032209;105.814191
21.029754;105.769142
20.993677;105.796267
20.997473;105.84648
21.029783;105.819782
21.028674;105.856999
21.010462;105.83628
21.0047;105.732
21.00874;105.834927
21.025366;105.84458
21.0547710960991;105.73239505291
21.071477;105.795012
21.002786;105.820869
21.009425;105.827688
21.046425;105.767847
21.003702;105.826534
21.003689;105.851816
21.046425;105.767847
21.004098;105.852676
21.015551;105.837944
21.023425228752;105.805088940692
21.026973;105.79765
21.0099783;105.8312063
21.005966;105.803826
20.99235;105.866011
21.03875;105.799184
21.01297;105.832736
21.012991;105.832719
20.98351;105.843898
21.024412;105.821026
21.016066;105.820011
21.0273;105.842681
20.999542;105.821835
21.0375755;105.7902756
21.002486;105.802631
21.0029913;105.8654282
21.037337;105.852705
21.030832;105.782044
21.001744;105.844988
20.963772;105.824363
21.031329;105.764684
20.990636;105.800925
21.013928;105.810184
21.012099;105.833966
21.040795;105.784018
21.023266;105.807609
21.022587;105.822851
20.986061;105.798409
21.02823;105.825621
21.013339;105.846601
21.003414;105.819983
21.010549;105.851308
21.028235;105.827683
21.02604;105.822366
21.04008;105.84527
21.000332;105.807675
21.040604;105.849499
21.027265;105.825126
21.058735;105.837431
21.010333;105.794146
21.041796;105.775564
21.000234;105.863696
21.042723;105.824334
21.0154043644099;105.797360837459
21.035133;105.823289
20.951273;105.750173
20.997225;105.845928
21.044287;105.867213
21.041143;105.775167
20.995657;105.814696
21.019618;105.817169
20.979479;105.820081
21.0697269;105.7924441
21.04584;105.762778
20.999586;105.879409
21.031675;105.814602
20.999425;105.802783
21.03098;105.785178
20.986842;105.793319
20.9928027340075;105.814389511943
20.9970172070432;105.850152075291
21.0362414039563;105.782455801964
21.022884;105.800964
21.034859;105.8260833
21.027757;105.842523
21.074349;105.77609
21.000082;105.86216
20.989044;105.798042
21.043141;105.83602
20.969344;105.774086
21.016982;105.830645
21.0113095;105.8165361
21.028207;105.825573
21.006733;105.831603
21.010065;105.860295
20.965647;105.792007
21.030577;105.847531
20.983622;105.849511
21.019207;105.833949
21.026793;105.843998
21.036908;105.777162
21.046041;105.8707809
21.0360160933459;105.789378583431
21.043488;105.872259
21.032241;105.852601
20.980823;105.815671
21.034854;105.825379
21.04347;105.818663
21.025016;105.793456
21.054825;105.786398
20.987051;105.825156
21.032729336077;105.793485045433
21.002378;105.849467
21.0315041766433;105.813112445176
21.010484;105.849066
21.026996;105.898464
21.005815;105.823267
20.9976632654765;105.867787599564
21.0305099594002;105.849703811109
21.0363215143135;105.782581865788
21.00125;105.849341
21.022087;105.852515
21.010017;105.835976
21.020141;105.844531
21.03668;105.847649
21.029602;105.846443
21.013325;105.800157
20.992947;105.804897
21.0095981;105.8046798
21.012066;105.812079
21.0195639;105.808747
21.01521;105.80112
21.036807;105.794153
21.0053431335052;105.800559036434
21.010551;105.850347
21.017911;105.855319
21.033473;105.768874
21.0463268;105.796052
21.033091092594;105.765172317624
20.992623;105.86961
20.99243;105.867019
20.984193;105.787625
21.019081;105.842207
20.995351;105.869805
21.0307;105.785417
21.0105642092025;105.831764199475
21.0105642092025;105.831764199475
21.007175;105.861599
20.998178;105.871064
21.0231790845553;105.814054235816
21.032962;105.798443
20.966558;105.767986
21.010368;105.831606
21.016459;105.82508
21.002038;105.859735
21.037264;105.77628
21.0099555;105.8046269
21.020117;105.827195
21.023174;105.807455
21.037262;105.776196
21.011572;105.83046
21.053428;105.840828
20.998536;105.853053
21.038906;105.785785
21.068713;105.827653
20.991369;105.850751
21.000466;105.845315
21.003122;105.868662
21.0222753;105.8362945
20.999096;105.870543
21.0429026207647;105.796573609114
20.985776;105.783058
21.0032523054218;105.819424688816
21.025957;105.838118
20.998008;105.828858
21.0313956;105.8268347
21.016072;105.803461
21.0099555;105.8046269
21.007639;105.821639
21.0619098739616;105.808000154793
21.012784;105.832557
21.015854;105.805702
21.042529;105.873679
21.040496;105.766264
20.999886;105.802172
21.03556;105.817948
21.027739;105.844336
21.016544;105.850411
21.0186245;105.7929818
21.025324;105.797246
21.035361;105.796201
21.035011;105.77602
21.038218;105.882365
21.009144;105.833672
21.019464;105.808935
21.013294;105.84873
21.02576;105.795971
21.025683;105.795453
21.029594;105.799362
21.031629;105.772744
20.995165;105.816303
21.010531;105.8500898
21.025707;105.845303
21.020149;105.822085
21.031998;105.772512
20.997786;105.843731
20.98912;105.874516
21.001873;105.860704
20.986065;105.857378
21.037104;105.79195
21.028842;105.842957
21.033729;105.80628
21.014099;105.803674
21.013033;105.803301
21.006232;105.854678
20.976551;105.8471
21.044428;105.872584
20.998951;105.853369
21.014736;105.832632
21.0338643598507;105.852082595229
21.0042244815248;105.830516964197
21.044752;105.791743
21.031422;105.786426
21.0210024416297;105.813349485397
20.982189;105.875899
21.018883;105.81064
20.997372;105.845743
21.003495;105.821044
21.018047;105.774035
21.010482;105.851209
21.013177;105.818431
21.009052;105.834888
21.045297;105.869213
21.01989;105.801134
21.025795;105.845266
21.036417;105.786489
20.969202;105.774012
21.000453;105.871426
21.003559;105.820196
21.03706;105.760529
20.985534;105.875905
20.996072;105.815031
20.998622;105.850252
21.023861;105.852991
21.029462;105.817429
21.038068;105.773946
21.036493;105.790028
21.019232;105.816627
21.041583;105.791265
21.0377609899522;105.793502479792
21.025623;105.852608
21.005171;105.830902
21.019811;105.828023
21.013598;105.802778
20.9648402805351;105.825711299139
21.032679;105.807691
21.0184051376995;105.850954391062
21.030042;105.811982
21.008967;105.862516
20.990396;105.85319
20.990396;105.85319
21.015302;105.794667
21.043266;105.750088
21.0338462;105.7901893
21.003695;105.835568
20.99377;105.847435
21.022031;105.787686
20.955801;105.828643
21.008344;105.849276
21.015855;105.800358
21.03213;105.810513
21.001124;105.845255
21.016178;105.83251
20.995962;105.841378
21.041024;105.77659
21.021175;105.834757
21.011749;105.855761
21.010509;105.830469
21.04199;105.842362
21.034949;105.760279
20.992834;105.798184
21.054768;105.782717
20.9875;105.812493
21.01401;105.834155
21.037367;105.789952
20.998768;105.84589
21.000718;105.850634
21.03316;105.806598
21.036849;105.77852
21.032173;105.852182
21.010694;105.763486
20.983949;105.799957
21.0112257;105.8284345
21.009917;105.849031
20.984863;105.843722
21.027608;105.898602
21.0249204;105.8446884
21.021187;105.813646
20.986698;105.790156
21.007207;105.844566
21.014676;105.850445
20.998843;105.808666
21.035375;105.796183
21.016003;105.818894
21.000513;105.808569
21.033826;105.792362
21.0342220454517;105.85432626307
21.028904;105.849615
21.046013;105.793379
20.986351;105.876434
21.016462;105.823751
21.016157;105.829924
21.028991;105.817394
21.015025;105.816316
21.023623;105.80119
21.02558;105.822284
20.971843;105.833501
20.993323;105.813817
21.03444;105.787943
21.0275886059567;105.824179910123
21.037456;105.855372
21.033617;105.792293
21.026658;105.812112
21.029762;105.770559
21.024353;105.793817
21.032232;105.784225
21.032214;105.85231
21.042569;105.79556
21.0328222787954;105.807293392718
21.035529;105.818213
21.040572;105.84947
21.033127;105.91684
21.017291;105.855645
21.013281;105.818116
21.032894;105.807815
21.037219;105.760595
21.049449;105.777526
21.027591;105.898871
21.019627;105.849645
21.010421;105.836524
21.026865;105.833878
21.02825;105.825656
21.042989;105.835967
21.010556;105.850329
20.9790077;105.7849871
21.041599;105.786611
21.043498;105.871961
21.010565;105.822621
21.008878;105.852354
21.010226;105.8048774
21.008782;105.795101
21.0316722;105.7818789
21.035038;105.824135
21.0341133;105.8134944
20.992392;105.804141
21.019123;105.83651
21.016407;105.805653
21.037227;105.776428
21.003187;105.868209
21.025193;105.821971
21.030665;105.800575
21.027341;105.844657
20.976676;105.783756
21.037634;105.796122
21.007031;105.832047
21.017027;105.806263
20.987284;105.850925
21.044483;105.873644
21.042813;105.795811
21.042604;105.795415
20.9749143153918;105.78829228878
21.023354;105.848069
21.055009;105.786009
21.048785;105.845878
21.002635;105.84971
21.002011;105.849599
21.040321;105.763717
21.010268;105.800926
20.996097;105.814986
21.036912;105.852676
21.013038;105.823038
20.997949;105.845463
21.008924;105.777332
21.008962;105.777322
21.016691;105.834988
21.038502;105.795894
21.003147;105.86307
21.007903;105.820489
20.997174;105.846287
20.993206;105.841566
21.015592;105.832139
21.013104;105.832815
21.013438;105.831706
20.997207;105.84589
21.0105642092025;105.831764199475
21.013607;105.799742
21.0419513495215;105.842563770711
20.982512;105.798424
21.003137;105.816318
20.995427;105.84954
21.045404;105.792755
20.967077;105.775439
21.008442;105.823747
21.010269;105.830935
21.030753;105.800926
20.984649;105.877641
21.050287;105.804384
21.061401;105.804652
21.027289;105.801411
21.0089;105.801538
21.02643;105.796585
21.00713;105.793189
21.034975;105.772806
21.040186;105.764781
20.989703;105.817762
21.0042244815248;105.830516964197
21.004488;105.830633
21.055929;105.836776
21.037787;105.847909
21.023199;105.805179
21.009788;105.831731
21.010101;105.857941
21.0714188473361;105.792551971972
20.99971;105.859179
21.022818;105.822328
21.006508;105.866707
20.985177;105.786145
21.003624;105.851773
21.0433569758064;105.796551480889
20.998791;105.854991
20.998855;105.870137
21.001087;105.858554
21.035389;105.7907403
21.023466;105.806224
21.00817;105.85251
20.993531;105.849613
21.034103;105.790194
21.020261;105.817048
21.0107362705122;105.831174440682
21.03035;105.822419
20.968203;105.796822
20.986256;105.812262
20.97924;105.785524
20.986723;105.868804
21.032578;105.8475
21.023097;105.8198
21.0194898;105.8279873
21.000644;105.807476
20.994796;105.806271
21.002005;105.806951
20.995343;105.805837
21.017839;105.811214
20.992972;105.814476
20.96836;105.823151
20.964214;105.767587
21.029622;105.827092
20.982587;105.793274
20.983619;105.77282
21.038307;105.785545
20.982866;105.815454
20.982594;105.793262
20.97;105.831948
21.008327;105.841208
20.996516;105.845753
21.003701;105.808919
21.000717;105.850646
20.96946;105.77374
20.997954;105.822197
21.001861;105.817696
21.0412;105.778
21.016339;105.823114
20.96496;105.793498
20.983271;105.851173
20.99296;105.81445
21.038428;105.773972
21.017097;105.794403
21.02973;105.827507
20.964171;105.767577
21.022806;105.804423
21.018044;105.802145
20.966983;105.826232
21.008314;105.841187
20.996531;105.845744
21.000691;105.850641
21.001831;105.81764
21.038307;105.785545
21.003156;105.81632
20.983619;105.772938
20.997952;105.822168
20.980864;105.817708
20.985217;105.786002
20.968388;105.823135
20.969954;105.77542
21.003656;105.808961
21.021693;105.83155
21.045227;105.750886
21.036189;105.817091
21.011127;105.821972
21.025352;105.843354
21.000591;105.84584
21.015443799244;105.81700835377
21.013438;105.831706
21.046512;105.792081
21.013777;105.794794
21.018815;105.824706
21.035389;105.7907403
21.034392;105.831585
21.005702;105.847275
21.026596;105.843758
21.001249;105.847752
21.003546;105.836272
21.001108;105.847494
20.9766364698672;105.775459897514
21.000194;105.808207
21.004476;105.827844
21.052135;105.838996
21.006918;105.822566
20.996307;105.809612
21.03965;105.820236
21.0412895240034;105.815143212676
21.034846;105.816631
21.068761;105.827651
20.990542;105.796423
21.0248652959349;105.820725560188
21.035599;105.850741
21.034027;105.84945
21.003538700521;105.82041375339
21.039443;105.76418
21.007207;105.844566
21.032071;105.815159
20.998344;105.86818
21.0320749801461;105.788458921015
21.020884;105.817968
21.009282;105.802437
21.028941;105.849935
21.006854;105.795616
21.050749;105.916459
21.0627924410044;105.829412747498
21.023982;105.853502
21.022549;105.812501
21.050801;105.893475
21.0086444;105.8343107
21.06142;105.809147
21.016902;105.780514
21.016969;105.831522
21.010934;105.81144
21.035498;105.827977
21.005696;105.822072
20.998284;105.86827
20.962427;105.7649688
21.005907;105.793351
21.0532025590917;105.781164988875
20.9842710509178;105.833138738701
20.992154;105.803318
21.029678;105.838448
21.04229;105.845075
21.035542;105.792626
21.046615;105.794349
21.016132;105.799649
21.012413859122;105.849154628813
21.000442;105.845178
21.031375;105.850697
20.964302;105.772237
20.999882;105.850493
21.050841;105.839667
20.9787110564835;105.784966684878
21.046866;105.878345
21.000582;105.828227
20.981892;105.788042
21.015002;105.813515
21.0349822;105.8231475
21.034924;105.824361
21.00296;105.85286
21.005915;105.804644
21.026946;105.797664
21.022892;105.81167
21.048733;105.795398
21.042334;105.776201
21.034999;105.853373
20.999717;105.859799
21.050271;105.882909
21.029637;105.809885
21.042198;105.792659
21.053222;105.730609
21.05189;105.738079
20.990739;105.802745
21.033766;105.797758
21.001479;105.872892
21.021497;105.847238
21.024876;105.821677
21.002026;105.850733
20.983698;105.799737
21.034888;105.824814
21.081721;105.820942
20.981425;105.830823
20.974772;105.787567
20.974999;105.787796
21.048281;105.80892
21.0574253372067;105.78142080456
21.017238;105.794504
21.006617;105.795346
20.989272;105.75138
21.009353;105.823813
21.048334;105.847885
21.037311;105.76392
21.010272;105.831019
21.008442;105.823747
21.029203;105.80316
21.044045;105.793129
20.96653;105.77666
20.995396;105.849478
21.003088;105.816305
21.044537;105.84269
20.999393;105.850469
21.008754;105.831694
21.0422708396529;105.793248340487
21.014578;105.799592
20.983536;105.800517
20.991269;105.796058
21.020726;105.778306
21.068213;105.778785
21.023455;105.793546
21.045245;105.876782
21.012339;105.816939
20.99686;105.86428
21.00713;105.793189
21.023325;105.809743
21.00296;105.821343
20.987645;105.79647
21.00121;105.816494
21.017097;105.794403
21.038428;105.773972
20.975552;105.78757
20.996778;105.845897
21.003691;105.814725
21.015012;105.777505
21.038428;105.773972
20.996778;105.826986
20.991455;105.801014
20.99736;105.812022
20.993922;105.806128
21.002859;105.844631
20.983684;105.847832
21.050984;105.893825
21.008879;105.860986
21.0388859617737;105.798590630293
21.0160259788134;105.805180590204
21.045435;105.875609
21.01949;105.828821
21.038761;105.785599
21.021161;105.82186
21.0110314148012;105.849087573588
20.97;105.831948
21.000784;105.850666
20.997935;105.822183
20.980871;105.817688
21.022806;105.804423
20.96834;105.823168
20.970043;105.775091
20.992923;105.814461
20.964195;105.767598
21.008384;105.841161
21.003701;105.808919
21.00806;105.847105
21.038307;105.785545
21.001688;105.817733
20.982604;105.793251
21.01168;105.818354
21.009235;105.804686
21.042761;105.794854
21.05023;105.885662
21.012537;105.823413
21.020668;105.8375
21.009268;105.834516
20.983085;105.797367
20.98359;105.800558
21.014706;105.827122
20.999368;105.817496
20.999348;105.817506
21.038247;105.773348
20.983821;105.845913
20.964393;105.823102
21.038247;105.773348
21.027645;105.824863
20.983821;105.845913
20.96405;105.823168
21.027645;105.824863
20.987198;105.797519
21.00181;105.855237
20.978476;105.819932
21.005563;105.80904
20.9866197891443;105.795990228653
21.020229;105.830641
21.0415548804035;105.794261209667
21.0249294517076;105.810992158949
21.006846;105.847022
21.006732;105.792694
20.969269;105.773916
21.022794;105.804433
21.038412;105.77396
20.995345;105.805849
20.99607;105.809475
21.0134250979179;105.819748900831
21.019129;105.836865
21.015892;105.839275
21.06073;105.893518
21.048531;105.874199
20.996386;105.816191
21.034773;105.8519822
21.039149;105.822812
21.02632;105.83361
21.002995644866;105.851177349687
21.011257;105.800015
21.001402;105.845247
21.010565;105.849188
21.034713;105.827679
21.0438921;105.8719479
20.983446;105.846292
21.023614;105.849723
20.9787636491854;105.785366669297
21.045445;105.865846
21.036046;105.789276
21.035577;105.792954
21.0001135043164;105.828557275236
21.0026713755325;105.815441608429
20.963494;105.825947
21.007033;105.793373
21.032246;105.851665
21.0062170158434;105.831631422043
21.0324520722697;105.808338448405
21.0304780391899;105.817281939089
21.023658;105.809984
20.99594;105.869727
21.020398;105.82594
20.9977;105.850213
20.983287;105.816131
21.0367946652319;105.778433829546
20.995111;105.856361
21.004502;105.827869
21.0416287295063;105.782978497446
20.962224;105.792476
21.027028;105.897876
21.030373;105.822419
21.032016;105.846663
20.982352;105.815855
21.013949;105.833778
21.007773;105.845112
21.019855;105.827594
21.019022;105.839077
20.971598;105.776843
21.0415980633579;105.842276103795
21.007316;105.820958
20.985474;105.846571
21.029352;105.826778
21.02717;105.822046
21.03342;105.832848
21.016101;105.795326
20.980647;105.846281
21.016419;105.829313
20.9980551561482;105.799218602479
21.043533;105.769766
20.993058;105.80255
20.988869;105.877456
20.981604;105.787666
21.029103;105.849731
20.983644;105.834884
21.0354103;105.8520806
21.009952;105.804309
20.99281;105.850254
21.01782;105.856928
20.989576;105.872348
21.0344195766606;105.784736460319
21.041684;105.7927
21.068371;105.804086
20.999585;105.824471
20.956712;105.793574
20.982861;105.787291
21.012917;105.832752
21.002119;105.851196
21.012702;105.803443
21.0001967326131;105.803028928172
20.993748;105.802434
20.994393;105.806421
21.032792;105.805357
20.979779;105.818962
21.01225;105.837587
21.000518;105.808564
21.010621;105.818194
21.035391;105.819549
20.963462;105.791894
20.988307;105.820612
20.988307;105.820612
20.98161;105.831807
20.999462;105.814292
20.980682;105.781509
20.989134;105.820382
20.998283;105.819773
21.003483;105.80834
21.038502;105.82315
20.991889;105.804526
21.069374;105.797297
21.011609;105.811358
21.010609;105.831597
21.021107;105.835161
21.034487;105.787979
21.021785;105.831436
21.007537;105.822054
21.0209679;105.8332553
21.00876;105.777226
21.062191;105.807799
21.024643;105.839743
21.019469;105.833226
21.0211376416558;105.835165902972
20.983085;105.797367
21.006012;105.77806
21.0096945;105.8500391
21.035345;105.791183
21.017621;105.792321
21.018224;105.835869
21.018894;105.836186
21.02959;105.764582
21.002425;105.862253
21.008633;105.851627
21.002686;105.82236
21.0099240021543;105.781608762981
21.036165;105.786631
21.017528;105.842477
21.048151;105.848055
21.019137;105.804537
21.019145;105.804995
21.03458;105.795988
21.004843;105.830539
21.012897;105.813028
21.0136;105.818124
20.981766;105.789528
21.0463318;105.8055545
21.038238;105.882252
21.008529;105.779908
21.006187;105.851192
21.034684;105.796064
21.000785;105.860766
20.984208;105.779071
20.966246;105.758453
20.970145;105.775195
21.013746;105.799718
20.985901;105.840648
21.027161;105.816782
21.010624;105.831703
20.981412;105.794772
21.010258;105.8318564
20.998565;105.80905
21.010501;105.831461
21.008902;105.777332
20.992644;105.828356
21.000966;105.849606
21.0331714;105.8069779
21.035197;105.783597
21.001881;105.860771
21.022529;105.788486
21.046767;105.799024
20.983154;105.79045
20.988683;105.802165
21.014567;105.834407
21.010624;105.831703
21.010634;105.831753
21.024776;105.860841
20.960426;105.793041
20.988629;105.874566
21.01101;105.859623
21.029322;105.849426
20.946804;105.755887
21.064223;105.779494
20.964171;105.767577
20.994177;105.814111
21.052;105.74
21.0546;105.736
21.021692;105.831547
20.998048;105.822207
20.968369;105.823141
21.022806;105.804423
21.000784;105.850666
20.980867;105.817707
20.96996;105.83195
21.029607;105.827127
21.008351;105.841193
20.998415;105.84602
21.035901;105.78359
21.021661;105.847868
21.001796;105.817661
20.9929367075004;105.814455896616
21.011541;105.811378
20.996778;105.845897
20.982624;105.793369
21.0622584187748;105.780502483249
20.985177;105.786145
21.038307;105.785545
21.000411;105.855356
20.983676;105.772868
21.003701;105.808919
21.01529;105.828139
21.009767;105.801677
21.0394846;105.790603
21.030147;105.823976
20.998591;105.80946
21.000522;105.848418
21.048815;105.763453
21.036676;105.805403
21.036328;105.785551
20.992704;105.798543
20.98882;105.846138
21.011872;105.866551
21.005171;105.830902
21.00243;105.849351
21.0208;105.826858
21.006617;105.795346
20.966933;105.775446
21.051066;105.737036
21.051066;105.737036
21.039149;105.822812
21.026726;105.797603
21.011938;105.855669
21.026614;105.823168
20.983398;105.79972
21.005913;105.803415
21.01050904344;105.804313458502
21.002456;105.801755
21.01415;105.821776
20.994427;105.813295
21.072789;105.812708
21.046974;105.848233
20.985789;105.8337842
21.0394088595528;105.848054923117
21.015214;105.8107493
21.024125;105.834337
21.0315445460418;105.832224860787
21.034208;105.816539
20.967554;105.826715
20.979157;105.796309
20.981171;105.817163
21.017608;105.812587
21.0042572261696;105.800110708275
21.010581;105.824966
21.001795;105.849111
21.031142;105.785223
20.989288;105.798147
21.037571;105.847998
21.018356;105.800354
21.036726;105.846209
21.023862;105.834698
20.9780676;105.7783083
21.000044;105.802724
21.006385;105.85157
21.0301541425522;105.841755084693
21.020689478136;105.814517252147
21.0203;105.815843
21.001633;105.811341
21.009499;105.834482
20.992939;105.797476
21.022797;105.846438
21.015214;105.8107493
21.000002;105.810435
21.035155;105.776071
21.011227;105.817826
21.018109;105.775745
21.0137937034151;105.800664373822
21.034835;105.851392
20.994862;105.781012
21.012139;105.819892
21.006855;105.834601
20.995998;105.852376
21.023181;105.807786
21.019443;105.833525
20.952895;105.759226
21.003666;105.82661
20.954495;105.757468
21.013339;105.846601
21.011208;105.857153
20.995019;105.780824
21.011517;105.836509
20.999425;105.802783
21.03098;105.785178
21.009927;105.846246
21.031885;105.852005
21.002038;105.859735
21.021926;105.823845
21.0338643598507;105.852082595229
21.015687;105.824214
21.000749;105.850281
20.985407;105.840423
20.960681;105.791948
21.00572;105.822502
21.033617;105.792293
21.017409;105.82854
21.01517;105.824066
21.03504;105.824019
21.022092;105.832947
21.013344;105.850508
21.023354;105.848069
20.985374;105.840518
21.016432;105.840038
20.998791;105.854991
21.006273667781;105.823499299586
21.013557;105.857591
21.032194;105.851424
20.98487;105.840589
21.013331;105.848622
21.038774;105.774947
21.003088;105.864715
21.001479;105.872892
20.975552;105.78757
21.021604;105.815699
21.028967;105.856983
21.0248753104964;105.853054225445
21.03794;105.777604
20.986379;105.783813
20.993748;105.802434
20.999857;105.872378
21.04723;105.873076
21.046682;105.847014
21.016261;105.811118
21.026464;105.83975
21.018433;105.83615
21.041239;105.807041
21.059373;105.8088
21.051097;105.789821
21.011053;105.85668
21.005119;105.778571
21.02921;105.847889
20.980104;105.789071
20.960713;105.824136
20.985895;105.813457
20.9840278345379;105.793976560235
20.986444;105.810993
20.976154;105.789049
20.994188;105.807389
21.027958;105.7556
20.999619;105.801398
21.011787;105.807807
21.001396;105.801275
21.013686;105.80395
21.0120529913738;105.807987079024
21.005275;105.793805
20.998162;105.803522
20.992805;105.804112
20.988364;105.812858
21.003464;105.849892
21.000701;105.841758
20.965041;105.784501
21.003831;105.791541
21.034914;105.824656
21.010215;105.810294
20.978628;105.795872
20.991262;105.801633
21.046236;105.849188
20.9646697083346;105.826060138643
21.01285;105.826365
21.019658;105.828036
21.04144;105.842264
20.999183;105.824908
20.981989;105.788158
20.995082;105.818777
20.98264;105.832441
20.98175;105.831782
21.048748;105.841485
20.99867;105.819848
21.0137725042786;105.81810772419
21.015886;105.80562
21.017601;105.811574
21.0294;105.827
20.983203;105.794682
20.9788769738729;105.798592977226
21.0291765;105.812754
20.96164;105.791834
20.988128;105.798968
20.979257;105.805859
20.998815;105.855205
21.04122;105.820224
20.99049;105.799623
20.973578;105.820069
20.9996799890036;105.807966627181
20.997574;105.818202
21.010208;105.810248
20.986939;105.801047
21.036887;105.808054
21.051636;105.810138
21.041022;105.786254
21.0512288;105.8094794
20.9705467;105.772175
21.035816;105.814112
20.997514;105.813995
20.959006;105.767311
20.988853;105.846478
21.069576;105.805506
20.966848;105.774947
21.023359;105.82813
21.01371;105.817831
21.03029;105.775208
21.038114;105.801478
20.994001;105.796384
20.986389;105.79806
21.036811;105.849418
21.030909;105.784409
20.998052;105.857513
21.030511;105.828515
20.986436;105.79641
21.059378;105.808799
21.059362;105.808759
21.03239;105.825416
21.003015;105.86558
21.00113;105.862719
20.999238;105.802651
21.0312851177008;105.785170532763
21.031276668278;105.785200707614
21.010609;105.831597
21.011496;105.857946
21.035853;105.818725
20.961636;105.793378
21.001013;105.860867
21.047787;105.847176
21.039644;105.827258
21.045721;105.849792
20.998909;105.85112
20.991321;105.817309
20.982576;105.800796
20.985581;105.798817
20.98408;105.824888
21.011321;105.837113
21.002806;105.849646
20.997685;105.78824
21.009003;105.795236
21.017548;105.80663
21.018753;105.800445
21.019095;105.800834
21.019095;105.800834
21.010544;105.777101
21.029529;105.779056
21.014319;105.831192
21.023551;105.831894
21.0176;105.837946
21.0176;105.837946
21.024041;105.842471
20.975294;105.849529
21.015592;105.8374
20.990105;105.878483
21.031542;105.783957
21.023414;105.835883
21.043378;105.839734
20.981684;105.787749
20.994552;105.779942
21.016003;105.818894
21.013558;105.851388
21.031882;105.848225
20.993914;105.796635
21.019226;105.81071
21.020865;105.811497
21.044915;105.879792
21.032192;105.85362
21.034852;105.799009
21.024179;105.855814
21.012226;105.85566
21.002993;105.866718
21.002596;105.809134
21.016252;105.816184
20.966475;105.768046
21.00949;105.795382
21.0038695409514;105.806994326413
21.010972;105.837815
21.014058;105.799655
21.0497318814565;105.884083360433
21.030249;105.775206
21.010467;105.777183
21.044778;105.791733
21.017294;105.8550803
20.99933;105.802556
21.013487;105.811567
21.007912;105.776897
21.01807;105.816482
21.009102;105.795327
21.0314447178193;105.847858786583
21.015891;105.823974
21.015037;105.777605
20.989478;105.75106
21.036299;105.782769
21.005532;105.823772
21.006584;105.832018
21.023202;105.809816
20.989478;105.75106
21.04557;105.794656
20.9815128442896;105.788895115256
21.003926;105.781989
21.010454;105.794479
21.018808;105.803773
21.013996;105.847634
21.059581;105.808775
21.027899;105.842531
21.036285;105.760073
21.001837;105.860748
21.019721;105.792688
21.003038;105.818984
20.999085;105.855713
21.014141;105.816159
21.0359237784835;105.813459120691
21.025937;105.821915
21.074334;105.773524
21.040828;105.811582
20.980609;105.790685
21.006417;105.851721
20.986913;105.792918
20.985327;105.840734
21.009499;105.834482
21.0321948360864;105.852200612426
20.98002;105.779738
21.000393;105.828483
21.016903;105.829715
21.011717;105.819437
21.027273;105.823508
21.000974;105.807514
21.047962;105.792505
21.041653;105.790534
21.074444;105.772674
21.010235;105.765208
20.974878;105.787396
21.010544;105.780548
20.9892095075638;105.817806310952
21.0438268;105.7784745
21.028378;105.844003
21.014269;105.816311
21.006889;105.826405
21.010183;105.798021
21.029296;105.826657
21.030932;105.785181
21.041298;105.826899